Workbook

Sheet Payroll Data
A1: Fill inn key data for Payslips. Yellow fields below.
A2: PAY DATE | C2: PERIOD | E2: Month end | H2: Currency
A3: Test Date | C3: Test period | E3: 45900 | H3: =+AS9 -> Calculated in XAF Paid in XAF
A7: EE# | B7: Name | C7: Assignment Country | D7: Status | E7: Timesheet Required | F7: TYPE | G7: Basic Salary | H7: Transport Allowance | I7: Food Allowance | J7: Housing Allowance | K7: Geographic Coefficient | L7: Back Payment | M7: Annual Bonus* | N7: End of Service Benefit | O7: Tax Refund | P7: EMBO | Q7: Pension | R7: Mindy Sheet | S7: Local Deduction | T7: Overpayment | U7: Tax | V7: Field Bonus/Job Bonus In Country | W7: Rotation Premium -In Country | X7: OFFSHORE DAY/Wellsite | Y7: Stand By Rate while In Country | Z7: Wellsite Rate While On Rotation | AA7: Daily Per Diem | AB7: NORMAL DAYS | AC7: =+V7 -> Field Bonus/Job Bonus In Country | AD7: =+W7 -> Rotation Premium -In Country | AE7: =+X7 -> OFFSHORE DAY/Wellsite | AF7: =+Y7 -> Stand By Rate while In Country | AG7: =+Z7 -> Wellsite Rate While On Rotation | AH7: =+AA7 -> Daily Per Diem | AI7: Total Hours | AJ7: LEAVE | AK7: =+AC7 -> Field Bonus/Job Bonus In Country | AL7: =+AD7 -> Rotation Premium -In Country | AM7: =+AE7 -> OFFSHORE DAY/Wellsite | AN7: =+AF7 -> Stand By Rate while In Country | AO7: =+AG7 -> Wellsite Rate While On Rotation | AP7: =+AH7 -> Daily Per Diem | AQ7: Comments | AR7: Total Gross Pay
AK8: =+V8*AC8 -> 0 | AL8: =+W8*AD8 -> 0 | AM8: =+X8*AE8 -> 0 | AN8: =+Y8*AF8 -> 0 | AO8: =+Z8*AG8 -> 0 | AP8: =+AA8*AH8 -> 0 | AR8: =G8+H8+I8+J8+K8+L8+M8+N8+O8-P8-Q8-S8-T8-U8+AK8+AL8+AM8+AN8+AO8+AP8 -> 0
A9: 005 | B9: Employee E | C9: Gabon | D9: XAF | E9: Yes | F9: Rotator | G9: 1000000 | Q9: 0 | W9: 50000 | AB9: N/A | AD9: 5 | AK9: =+V9*AC9 -> 0 | AL9: =+W9*AD9 -> 250000 | AM9: =+X9*AE9 -> 0 | AN9: =+Y9*AF9 -> 0 | AO9: =+Z9*AG9 -> 0 | AP9: =+AA9*AH9 -> 0 | AR9: =G9+H9+I9+J9+K9+L9+M9+N9+O9-P9-Q9-S9-T9-U9+AK9+AL9+AM9+AN9+AO9+AP9 -> 1250000 | AS9: Calculated in XAF Paid in XAF | AT9: - | AU9: Has chosen not to join pension scheme as yet
A14: 001 | B14: Employee C | C14: South Africa | D14: EUR | E14: No | F14: Expat | G14: 10000 | H14: 1500 | J14: 4000 | K14: 3000 | M14: 2000 | P14: =(G14+K14+M14)*0.13 -> 1950 | Q14: =SUM(G14*8%) -> 800 | AB14: N/A | AK14: =+V14*AC14 -> 0 | AL14: =+W14*AD14 -> 0 | AM14: =+X14*AE14 -> 0 | AN14: =+Y14*AF14 -> 0 | AO14: =+Z14*AG14 -> 0 | AP14: =+AA14*AH14 -> 0 | AR14: =G14+H14+I14+J14+K14+L14+M14+N14+O14-P14-Q14-S14-T14-U14+AK14+AL14+AM14+AN14+AO14+AP14 -> 17750 | AS14: Calculated in EUR and Paid in EUR | AT14: 0.08 | AV14: 0.065 | AW14: =SUM(G14*AV14) -> 650
A15: 002 | B15: Employee A | C15: Mauritius | D15: EUR | E15: Yes | F15: Rotator | G15: 9000 | L15: 0 | Q15: =SUM(G15*AT15) -> 720 | Y15: 180 | Z15: 585 | AB15: N/A | AC15: 13 | AD15: 13 | AF15: 4 | AG15: 10 | AK15: =+V15*AC15 -> 0 | AL15: =+W15*AD15 -> 0 | AM15: =+X15*AE15 -> 0 | AN15: =+Y15*AF15 -> 720 | AO15: =+Z15*AG15 -> 5850 | AP15: =+AA15*AH15 -> 0 | AQ15: 4 days standby, 10 days rig site, 13 days in country - various countries | AR15: =G15+H15+I15+J15+K15+L15+M15+N15+O15-P15-Q15-S15-T15-U15+AK15+AL15+AM15+AN15+AO15+AP15 -> 14850 | AS15: Calculated in EUR and Paid in EUR | AT15: 0.08 | AV15: 0.065 | AW15: =SUM(G15*AV15) -> 585
A16: 003 | B16: Employee B | C16: Gabon | D16: EUR | E16: Yes | F16: Rotator | G16: 8000 | L16: 0 | Q16: =SUM(G16*AT16) -> 1040 | Y16: 135 | Z16: 427.5 | AB16: N/A | AF16: 4 | AG16: 10 | AK16: =+V16*AC16 -> 0 | AL16: =+W16*AD16 -> 0 | AM16: =+X16*AE16 -> 0 | AN16: =+Y16*AF16 -> 540 | AO16: =+Z16*AG16 -> 4275 | AP16: =+AA16*AH16 -> 0 | AQ16: 10 days at the wellsite, 4 days on standby and 17 days on home rotation | AR16: =G16+H16+I16+J16+K16+L16+M16+N16+O16-P16-Q16-S16-T16-U16+AK16+AL16+AM16+AN16+AO16+AP16 -> 11775 | AS16: Calculated in EUR and Paid in EUR | AT16: 0.13 | AV16: 0.065 | AW16: =SUM(G16*AV16) -> 520
A17: 004 | B17: Employee D | C17: Ivory Coast | D17: USD | E17: Yes | F17: Rotator | G17: 7000 | Q17: =SUM(G17*AT17) -> 1050 | Y17: 150 | Z17: 475 | AF17: 16 | AG17: 10 | AK17: =+V17*AC17 -> 0 | AL17: =+W17*AD17 -> 0 | AM17: =+X17*AE17 -> 0 | AN17: =+Y17*AF17 -> 2400 | AO17: =+Z17*AG17 -> 4750 | AP17: =+AA17*AH17 -> 0 | AR17: =G17+H17+I17+J17+K17+L17+M17+N17+O17-P17-Q17-S17-T17-U17+AK17+AL17+AM17+AN17+AO17+AP17 -> 13100 | AS17: Calculated in USD Paid in USD | AT17: 0.15 | AV17: 0.065 | AW17: =SUM(G17*AV17) -> 455
A18: 005 | B18: Employee E | C18: Gabon | D18: XAF | E18: Yes | F18: Rotator | G18: 1000000 | Q18: 0 | W18: 50000 | AB18: N/A | AD18: 5 | AK18: =+V18*AC18 -> 0 | AL18: =+W18*AD18 -> 250000 | AM18: =+X18*AE18 -> 0 | AN18: =+Y18*AF18 -> 0 | AO18: =+Z18*AG18 -> 0 | AP18: =+AA18*AH18 -> 0 | AR18: =G18+H18+I18+J18+K18+L18+M18+N18+O18-P18-Q18-S18-T18-U18+AK18+AL18+AM18+AN18+AO18+AP18 -> 1250000 | AS18: Calculated in XAF Paid in XAF | AT18: - | AU18: Has chosen not to join pension scheme as yet

Sheet Payslip Euro
A12: LOCATION
A13: WIS Global Resources Ltd | F13: GEC | H13: =+'Payroll Data'!C9 -> Gabon
A14: EMPLOYEE NO. | C14: NAME | F14: EMPLOYMENT | H14: PAY DATE | I14: PERIOD
A15: =+'Payroll Data'!A9 -> 005 | C15: =+'Payroll Data'!B9 -> Employee E | F15: Full time | H15: =+'Payroll Data'!A3 -> Test Date | I15: =+'Payroll Data'!C3 -> Test period
A18: Payments | F18: Deductions
A19: Month End | B19: Description | C19: Units | D19: Rate | E19: Amount | F19: Month End | G19: Description | H19: Units | I19: Rate | J19: Amount
A20: =+'Payroll Data'!E3 -> 45900 | B20: Basic Monthly Salary | C20: 1 | D20: =SUM('Payroll Data'!G9) -> 1000000 | E20: =SUM(C20*D20) -> 1000000
A21: =+'Payroll Data'!E3 -> 45900 | B21: Transport Allowance | C21: 1 | D21: =SUM('Payroll Data'!H9) -> 0 | E21: =SUM(C21*D21) -> 0
A22: =+'Payroll Data'!E3 -> 45900 | B22: Food Allowance | C22: 1 | D22: =SUM('Payroll Data'!I9) -> 0 | E22: =SUM(C22*D22) -> 0
A23: =+'Payroll Data'!E3 -> 45900 | B23: Housing Allowance | C23: 1 | D23: =SUM('Payroll Data'!J9) -> 0 | E23: =SUM(C23*D23) -> 0
A24: =+'Payroll Data'!E3 -> 45900 | B24: Geographic Coefficient | C24: 1 | D24: =SUM('Payroll Data'!K9) -> 0 | E24: =SUM(C24*D24) -> 0
A25: =+'Payroll Data'!E3 -> 45900 | B25: Back Payment | C25: 1 | D25: =SUM('Payroll Data'!L9) -> 0 | E25: =SUM(C25*D25) -> 0
A26: =+'Payroll Data'!E3 -> 45900 | B26: Annual Bonus* | C26: 1 | D26: =SUM('Payroll Data'!M9) -> 0 | E26: =SUM(C26*D26) -> 0
A27: =+'Payroll Data'!E3 -> 45900 | B27: End of Service Benefit | C27: 1 | D27: =SUM('Payroll Data'!N9) -> 0 | E27: =SUM(C27*D27) -> 0
A28: =+'Payroll Data'!E3 -> 45900 | B28: Tax Refund | C28: 1 | D28: =SUM('Payroll Data'!O9) -> 0 | E28: =SUM(C28*D28) -> 0
A29: =+'Payroll Data'!E3 -> 45900 | B29: Field Bonus/Job Bonus In Country | C29: =SUM('Payroll Data'!AC9) -> 0 | D29: =SUM('Payroll Data'!V9) -> 0 | E29: =SUM(C29*D29) -> 0
A30: =+'Payroll Data'!E3 -> 45900 | B30: Rotation Premium -In Country | C30: =SUM('Payroll Data'!AD9) -> 5 | D30: =SUM('Payroll Data'!W9) -> 50000 | E30: =SUM(C30*D30) -> 250000
A31: =+'Payroll Data'!E3 -> 45900 | B31: OFFSHORE DAY/Wellsite | C31: =SUM('Payroll Data'!AE9) -> 0 | D31: =SUM('Payroll Data'!X9) -> 0 | E31: =SUM(C31*D31) -> 0
A32: =+'Payroll Data'!E3 -> 45900 | B32: Stand By Rate while In Country | C32: =SUM('Payroll Data'!AF9) -> 0 | D32: =SUM('Payroll Data'!Y9) -> 0 | E32: =SUM(C32*D32) -> 0
A33: =+'Payroll Data'!E3 -> 45900 | B33: Wellsite Rate While On Rotation | C33: =SUM('Payroll Data'!AG9) -> 0 | D33: =SUM('Payroll Data'!Z9) -> 0 | E33: =SUM(C33*D33) -> 0
A34: =+'Payroll Data'!E3 -> 45900 | B34: Per Diem | C34: =SUM('Payroll Data'!AH9) -> 0 | D34: =SUM('Payroll Data'!AA9) -> 0 | E34: =SUM(C34*D34) -> 0
F35: =+'Payroll Data'!E3 -> 45900 | G35: EMBO | H35: -1 | I35: =+'Payroll Data'!P9 -> 0 | J35: =SUM(H35*I35) -> 0
F36: =+'Payroll Data'!E3 -> 45900 | G36: Pension | H36: -1 | I36: =+'Payroll Data'!Q9 -> 0 | J36: =SUM(H36*I36) -> 0
F37: =+'Payroll Data'!E3 -> 45900 | G37: Local Deduction | H37: -1 | I37: =+'Payroll Data'!S9 -> 0 | J37: =SUM(H37*I37) -> 0
F38: =+'Payroll Data'!E3 -> 45900 | G38: Overpayment | H38: -1 | I38: =+'Payroll Data'!T9 -> 0 | J38: =SUM(H38*I38) -> 0
F39: =+'Payroll Data'!E3 -> 45900 | G39: Tax | H39: -1 | I39: =+'Payroll Data'!U9 -> 0 | J39: =SUM(H39*I39) -> 0
A40: TOTAL PAYMENTS | E40: =SUM(E20:E39) -> 1250000 | F40: TOTAL DEDUCTIONS | J40: =SUM(J20:J39) -> 0
F44: Total Payments | I44: =+E40 -> 1250000
F45: Total Deductions | I45: =+J40 -> 0
F47: Total NET Pay | I47: =SUM(I44+I45) -> 1250000

Sheet Payslip USD
A12: LOCATION
A13: WIS Global Resources Ltd | F13: GEC | H13: =+'Payroll Data'!C9 -> Gabon
A14: EMPLOYEE NO. | C14: NAME | F14: EMPLOYMENT | H14: PAY DATE | I14: PERIOD
A15: =+'Payroll Data'!A9 -> 005 | C15: =+'Payroll Data'!B9 -> Employee E | F15: Full time | H15: =+'Payroll Data'!A3 -> Test Date | I15: =+'Payroll Data'!C3 -> Test period
A18: Payments | F18: Deductions
A19: Month End | B19: Description | C19: Units | D19: Rate | E19: Amount | F19: Month End | G19: Description | H19: Units | I19: Rate | J19: Amount
A20: =+'Payroll Data'!E3 -> 45900 | B20: Basic Monthly Salary | C20: 1 | D20: =SUM('Payroll Data'!G9) -> 1000000 | E20: =SUM(C20*D20) -> 1000000
A21: =+'Payroll Data'!E3 -> 45900 | B21: Transport Allowance | C21: 1 | D21: =SUM('Payroll Data'!H9) -> 0 | E21: =SUM(C21*D21) -> 0
A22: =+'Payroll Data'!E3 -> 45900 | B22: Food Allowance | C22: 1 | D22: =SUM('Payroll Data'!I9) -> 0 | E22: =SUM(C22*D22) -> 0
A23: =+'Payroll Data'!E3 -> 45900 | B23: Housing Allowance | C23: 1 | D23: =SUM('Payroll Data'!J9) -> 0 | E23: =SUM(C23*D23) -> 0
A24: =+'Payroll Data'!E3 -> 45900 | B24: Geographic Coefficient | C24: 1 | D24: =SUM('Payroll Data'!K9) -> 0 | E24: =SUM(C24*D24) -> 0
A25: =+'Payroll Data'!E3 -> 45900 | B25: Back Payment | C25: 1 | D25: =SUM('Payroll Data'!L9) -> 0 | E25: =SUM(C25*D25) -> 0
A26: =+'Payroll Data'!E3 -> 45900 | B26: Annual Bonus* | C26: 1 | D26: =SUM('Payroll Data'!M9) -> 0 | E26: =SUM(C26*D26) -> 0
A27: =+'Payroll Data'!E3 -> 45900 | B27: End of Service Benefit | C27: 1 | D27: =SUM('Payroll Data'!N9) -> 0 | E27: =SUM(C27*D27) -> 0
A28: =+'Payroll Data'!E3 -> 45900 | B28: Tax Refund | C28: 1 | D28: =SUM('Payroll Data'!O9) -> 0 | E28: =SUM(C28*D28) -> 0
A29: =+'Payroll Data'!E3 -> 45900 | B29: Field Bonus/Job Bonus In Country | C29: =SUM('Payroll Data'!AC9) -> 0 | D29: =SUM('Payroll Data'!V9) -> 0 | E29: =SUM(C29*D29) -> 0
A30: =+'Payroll Data'!E3 -> 45900 | B30: Rotation Premium -In Country | C30: =SUM('Payroll Data'!AD9) -> 5 | D30: =SUM('Payroll Data'!W9) -> 50000 | E30: =SUM(C30*D30) -> 250000
A31: =+'Payroll Data'!E3 -> 45900 | B31: OFFSHORE DAY/Wellsite | C31: =SUM('Payroll Data'!AE9) -> 0 | D31: =SUM('Payroll Data'!X9) -> 0 | E31: =SUM(C31*D31) -> 0
A32: =+'Payroll Data'!E3 -> 45900 | B32: Stand By Rate while In Country | C32: =SUM('Payroll Data'!AF9) -> 0 | D32: =SUM('Payroll Data'!Y9) -> 0 | E32: =SUM(C32*D32) -> 0
A33: =+'Payroll Data'!E3 -> 45900 | B33: Wellsite Rate While On Rotation | C33: =SUM('Payroll Data'!AG9) -> 0 | D33: =SUM('Payroll Data'!Z9) -> 0 | E33: =SUM(C33*D33) -> 0
A34: =+'Payroll Data'!E3 -> 45900 | B34: Per Diem | C34: =SUM('Payroll Data'!AH9) -> 0 | D34: =SUM('Payroll Data'!AA9) -> 0 | E34: =SUM(C34*D34) -> 0
F35: =+'Payroll Data'!E3 -> 45900 | G35: EMBO | H35: -1 | I35: =+'Payroll Data'!P9 -> 0 | J35: =SUM(H35*I35) -> 0
F36: =+'Payroll Data'!E3 -> 45900 | G36: Pension | H36: -1 | I36: =+'Payroll Data'!Q9 -> 0 | J36: =SUM(H36*I36) -> 0
F37: =+'Payroll Data'!E3 -> 45900 | G37: Local Deduction | H37: -1 | I37: =+'Payroll Data'!S9 -> 0 | J37: =SUM(H37*I37) -> 0
F38: =+'Payroll Data'!E3 -> 45900 | G38: Overpayment | H38: -1 | I38: =+'Payroll Data'!T9 -> 0 | J38: =SUM(H38*I38) -> 0
F39: =+'Payroll Data'!E3 -> 45900 | G39: Tax | H39: -1 | I39: =+'Payroll Data'!U9 -> 0 | J39: =SUM(H39*I39) -> 0
A40: TOTAL PAYMENTS | E40: =SUM(E20:E39) -> 1250000 | F40: TOTAL DEDUCTIONS | J40: =SUM(J20:J39) -> 0
F44: Total Payments | I44: =+E40 -> 1250000
F45: Total Deductions | I45: =+J40 -> 0
F47: Total NET Pay | I47: =SUM(I44+I45) -> 1250000

Sheet Payslip XAF
A12: LOCATION
A13: WIS Global Resources Ltd | F13: GEC | H13: =+'Payroll Data'!C9 -> Gabon
A14: EMPLOYEE NO. | C14: NAME | F14: EMPLOYMENT | H14: PAY DATE | I14: PERIOD
A15: =+'Payroll Data'!A9 -> 005 | C15: =+'Payroll Data'!B9 -> Employee E | F15: Full time | H15: =+'Payroll Data'!A3 -> Test Date | I15: =+'Payroll Data'!C3 -> Test period
A18: Payments | F18: Deductions
A19: Month End | B19: Description | C19: Units | D19: Rate | E19: Amount | F19: Month End | G19: Description | H19: Units | I19: Rate | J19: Amount
A20: =+'Payroll Data'!E3 -> 45900 | B20: Basic Monthly Salary | C20: 1 | D20: =SUM('Payroll Data'!G9) -> 1000000 | E20: =SUM(C20*D20) -> 1000000
A21: =+'Payroll Data'!E3 -> 45900 | B21: Transport Allowance | C21: 1 | D21: =SUM('Payroll Data'!H9) -> 0 | E21: =SUM(C21*D21) -> 0
A22: =+'Payroll Data'!E3 -> 45900 | B22: Food Allowance | C22: 1 | D22: =SUM('Payroll Data'!I9) -> 0 | E22: =SUM(C22*D22) -> 0
A23: =+'Payroll Data'!E3 -> 45900 | B23: Housing Allowance | C23: 1 | D23: =SUM('Payroll Data'!J9) -> 0 | E23: =SUM(C23*D23) -> 0
A24: =+'Payroll Data'!E3 -> 45900 | B24: Geographic Coefficient | C24: 1 | D24: =SUM('Payroll Data'!K9) -> 0 | E24: =SUM(C24*D24) -> 0
A25: =+'Payroll Data'!E3 -> 45900 | B25: Relocation Lum Sum | C25: 1 | D25: =SUM('Payroll Data'!L9) -> 0 | E25: =SUM(C25*D25) -> 0
A26: =+'Payroll Data'!E3 -> 45900 | B26: Annual Bonus* | C26: 1 | D26: =SUM('Payroll Data'!M9) -> 0 | E26: =SUM(C26*D26) -> 0
A27: =+'Payroll Data'!E3 -> 45900 | B27: End of Service Benefit | C27: 1 | D27: =SUM('Payroll Data'!N9) -> 0 | E27: =SUM(C27*D27) -> 0
A28: =+'Payroll Data'!E3 -> 45900 | B28: Tax Refund | C28: 1 | D28: =SUM('Payroll Data'!O9) -> 0 | E28: =SUM(C28*D28) -> 0
A29: =+'Payroll Data'!E3 -> 45900 | B29: Field Bonus/Job Bonus In Country | C29: =SUM('Payroll Data'!AC9) -> 0 | D29: =SUM('Payroll Data'!V9) -> 0 | E29: =SUM(C29*D29) -> 0
A30: =+'Payroll Data'!E3 -> 45900 | B30: Rotation Premium -In Country | C30: =SUM('Payroll Data'!AD9) -> 5 | D30: =SUM('Payroll Data'!W9) -> 50000 | E30: =SUM(C30*D30) -> 250000
A31: =+'Payroll Data'!E3 -> 45900 | B31: OFFSHORE DAY/Wellsite | C31: =SUM('Payroll Data'!AE9) -> 0 | D31: =SUM('Payroll Data'!X9) -> 0 | E31: =SUM(C31*D31) -> 0
A32: =+'Payroll Data'!E3 -> 45900 | B32: Stand By Rate while In Country | C32: =SUM('Payroll Data'!AF9) -> 0 | D32: =SUM('Payroll Data'!Y9) -> 0 | E32: =SUM(C32*D32) -> 0
A33: =+'Payroll Data'!E3 -> 45900 | B33: Wellsite Rate While On Rotation | C33: =SUM('Payroll Data'!AG9) -> 0 | D33: =SUM('Payroll Data'!Z9) -> 0 | E33: =SUM(C33*D33) -> 0
A34: =+'Payroll Data'!E3 -> 45900 | B34: Per Diem | C34: =SUM('Payroll Data'!AH9) -> 0 | D34: =SUM('Payroll Data'!AA9) -> 0 | E34: =SUM(C34*D34) -> 0
F35: =+'Payroll Data'!E3 -> 45900 | G35: EMBO | H35: -1 | I35: =+'Payroll Data'!P9 -> 0 | J35: =SUM(H35*I35) -> 0
F36: =+'Payroll Data'!E3 -> 45900 | G36: Pension | H36: -1 | I36: =+'Payroll Data'!Q9 -> 0 | J36: =SUM(H36*I36) -> 0
F37: =+'Payroll Data'!E3 -> 45900 | G37: Local Deduction | H37: -1 | I37: =+'Payroll Data'!S9 -> 0 | J37: =SUM(H37*I37) -> 0
F38: =+'Payroll Data'!E3 -> 45900 | G38: Oveerpayment | H38: -1 | I38: =+'Payroll Data'!T9 -> 0 | J38: =SUM(H38*I38) -> 0
F39: =+'Payroll Data'!E3 -> 45900 | G39: Tax | H39: -1 | I39: =+'Payroll Data'!U9 -> 0 | J39: =SUM(H39*I39) -> 0
A40: TOTAL PAYMENTS | E40: =SUM(E20:E39) -> 1250000 | F40: TOTAL DEDUCTIONS | J40: =SUM(J20:J39) -> 0
F44: Total Payments | I44: =+E40 -> 1250000
F45: Total Deductions | I45: =+J40 -> 0
F47: Total NET Pay | I47: =SUM(I44+I45) -> 1250000
